"Onboarding","Onboarding"
"Agenda","Agenda"
"Login to Frappe", "Connexion"
"Learn Accounting","Apprendre la Comptabilité"
"Total Outgoing Payment","Total des Paiements Sortants"
"Total Incoming Payment","Total des Paiements Entrants"
"Total Incoming Bills","Total des Factures Entrantes"
"Total Outgoing Bills","Total des Factures Sortantes"
"Repack","Ré-Emballer"
"Manufacture","Fabrication"
"Send to Subcontractor","Envoyer au sous-traitant"
"Disassemble","Démonter"
"Material Consumption for Manufacture","Consommation de matières premières pour la fabrication"
"Material Transfer for Manufacture","Transfert de Matériel pour Fabrication"
"If enabled, the system will use the moving average valuation method to calculate the valuation rate for the batched items and will not consider the individual batch-wise incoming rate.","Si cette option est activée, le système utilisera la méthode d'évaluation de la moyenne mobile pour calculer le taux d'évaluation des articles groupés et ne tiendra pas compte du taux d'entrée individuel par lot."
"Do Not Use Batch-wise Valuation","Ne pas utiliser l'évaluation par lots"
"Allow existing Serial No to be Manufactured/Received again","Autoriser la fabrication/réception à nouveau du numéro de série existant"
"Allow to Make Quality Inspection after Purchase / Delivery","Autoriser le contrôle qualité après l'achat/la livraison"
"Allows to keep aside a specific quantity of inventory for a particular order.","Permet de mettre de côté une quantité spécifique de stock pour une commande particulière."
"Enable Stock Reservation","Activer la Réservation de Stock"
"Material Transfer","Transfert de Matériel"
"Other Info","Autre Info"
"Material Receipt","Réception de Matériel"
"Material Issue","Sortie de Matériel"
"TOTAL ACTIVE ITEMS","TOTAL DES ARTICLES ACTIFS"
"TOTAL WAREHOUSES","TOTAL DES ENTREPÔTS"
"TOTAL STOCK VALUE","VALEUR TOTALE DU STOCK"
"Warehouse wise Stock Balance","Solde de Stock disponible en entrepôt"
"Select Dispatch Address","Sélectionner l'Adresse de Livraison"
"Difference Posting Date","Date de paiement de la difference"
"Use Company Default Round Off Cost Center","Utiliser le centre de coûts d’arrondi par défaut de l’entreprise"
"Supplier Invoice","Facture Fournisseur"
"Is Rejected Warehouse","est un entrepôt de rejet"
"If yes, then this warehouse will be used to store rejected materials","Si oui, Alors ce entrepôt sera utilisé pour garder les matériaux rejetés"
"Is Group Warehouse","est un groupe d'Entrepôt"
"Default Operating Cost Account","Compte des coûts d’exploitation par défaut"
"Default In-Transit Warehouse","Entrepôt par defaut de Marchandises en Transit"
"Default Provisional Account","Compte de Provision par défaut"
"Stock and Manufacturing","Stock et Fabrication"
"HR & Payroll","RH et Paie"
"Buying and Selling","Achats et Ventes"
"Round Off for Opening","Arrondi à l'ouverture"
"TOTAL INCOMING PAYMENTS","TOTAL DES PAIEMENTS ENTRANTS"
"TOTAL OUTGOING PAYMENT","TOTAL DES PAIEMENTS SORTANTS"
"TOTAL INCOMING BILLS","TOTAL DES FACTURES ENTRANTES"
"TOTAL OUTGOING BILLS","TOTAL DES FACTURES SORTANTES"
"+ Add / Remove Columns","Ajouter / Supprimer les Colonnes"
"Reset to default","restaurer par défaut"
"+ Add / Remove Columns","Ajouter / Retirer Colonnes"
"Qty to Be Consumed","Quantité à consommer"
"Available Qty For Consumption","Quantité disponible à la consommation"
"Return Issued","Retour d'Article émis"
"Minimum Net Rate","Taux Net Minimal"
"Maximum Net Rate","Taux Net Maximal"
"User Forum","Forum Utilisateur"
"Report an Issue","Signaler une erreur"
"Portal Users","Utilisateurs du Portail"
"Supplier Portal Users","Utilisateurs du Portail Fournisseur"
"Terms Templates","Modèles de Termes"
"WIP Composite Asset","Actif Composite En Cours"
"Insert Above","Insérer au-dessus"
"Insert Below","Insérer en dessous"
"Add Row","Ajouter une Ligne"
"Verifying","Vérification"
"descending","descendant"
"ascending","ascendant"
"Reload List","Recharger la liste"
"Kanban View","Vue Kanban"
"Dashboard View","Vue tableau de bord"
"You haven't created a yet","Tu n'as pas encore créé"
"Save Filter","Sauvegarder le filtre"
"Filter By","Filtrer Par"
"Edit Filters","Modifier les filtres"
"List View","Voir Liste"
"Items & Pricing","Articles & Prix"
"Blanket order allowance","Marge de tolérance du contrat"
"Learn Procurement","Cours d'Approvisionnement"
"Financial Reports","Rapports Financiers"
"Ledgers","Livres"
"Previous Document","Document Précédent"
"Next Document","Document Suivant"
"Timeless Night","Mode nuit"
"Frappe Light","Mode Jour"
"Switch Theme","Changer le Thème"
"To manage your authorized third party apps","Pour gérer vos applications tierce authorisées"
"Manage your apps","Gérer vos applications"
"Manage third party apps","Gérer les applications tierce"
"Reset the password for your account","Réinitialiser le mot de passe de votre compte"
"Connections","Connexions"
"Journal Energy Point","Historique de Point d'Energie"
"Workspace","Espace de Travail"
"Navigation Settings","Paramètres de Navigation"
"Navigation Settings","Paramètres de Navigation"
"Desk Settings","Paramètres de Bureau"
"Search or type a command (Ctrl + G)","Rechercher ou entrer une commande (Ctrl + G)"
"Type a reply / comment","Entrer une réponse / un commentaire"
"Unselect All","Tout Déselectionner"
"Select All","Tout Sélectionner"
"December","Décembre"
"November","Novembre"
"October","Octobre"
"September","Septembre"
"August","Aôut"
"July","Juillet"
"June","Juin"
"May","Mai"
"April","Avril"
"March","Mars"
"February","Février"
"January","Janvier"
"Sunday","Dimanche"
"Saturday","Samedi"
"Friday","Vendredi"
"Thursday","Jeudi"
"Wednesday","Mercredi"
"Tuesday","Mardi"
"Monday","Lundi"
"No activities to show","Aucune activités à montrer"
"Recent Activity","Activité Récente"
"User Settings","Paramètres utilisateur"
"Monthly Rank","Classement Mensuel"
"Rank","Classement"
"Log out","Se deconnecter"
"Login to Frappe","Se connecter"
"Login with Email Link","Se connecter via lien E-Mail"
"Send login link","Envoyer le lien de connexion"
"Forgot Password","Mot de passe oublié"
"Request for Quotation","Demande de devis fournisseur"
"Purchase Order","Bon de commande"
"Items to Order and Receive","Articles à commander et à recevoir"
"Learn Inventory Management","Apprendre la gestion d'inventaire"
"You haven't created a Écriture du Livre d'Inventaire yet","Vous n’avez pas encore créé d’Écriture du Livre d’Inventaire."
"Job Requisition","Demande de ressource"
"Job Opening", "Offre d'emploi"
"Job Applicant", "Candidat"
"Job Offer", "Proposition d'offre d'emploi"
"Salary Slip", "Bulletin de salaire"
"Lead", "Lead"

